Ticker,Trailing Return 20D,Trailing Return 60D,Volatility 20D,Volatility 60D,Downside Volatility 60D,Max Drawdown 120D,Sharpe 60D,Nonzero Volume Rate,Median Dollar Volume,Prediction Date,Current Close,Predicted Return,Predicted Price,Predicted Return Score,Momentum Score,Sharpe Score,Liquidity Score,Volatility Risk,Downside Risk,Drawdown Risk,Liquidity Risk,Profitability Score,Risk Score,Risk Adjusted Score,Risk Flag
DHG,0.020127118644067687,0.16024096385542164,0.010709844957941188,0.012578534961119287,0.004831286524003568,-0.13152173913043474,3.226981399940195,1.0,726557000.0,2023-02-28,96300.0,0.009195446036756039,97185.5214533396,0.9394835018007318,0.5274619785457054,0.8895732335513976,0.0018973505709757711,0.08859532090408355,0.010385425459144608,0.04704930287376856,0.9981026494290243,0.7327374522141329,0.1456965806155172,0.6453195038448225,Keep
CLC,0.09038647795794663,0.10359220844927908,0.014953127602418747,0.01602456404649287,0.012922722779300037,-0.16216826014609242,1.7542626444557807,0.9583333333333334,108858775.0,2023-02-28,34900.0,0.012318326160311699,35329.90958299488,1.0,0.6805787522162532,0.646964268663302,0.00028123160610808116,0.16649303565384738,0.26385451350302325,0.10231630240941846,0.999718768393892,0.7495656649473346,0.2629798689714974,0.5917777435644361,Keep
DMC,-0.021739130434782594,0.0714285714285714,0.005644234063893019,0.01122558503616143,0.0073590788468332075,-0.18436755391727588,1.7142769812242147,0.9916666666666667,218735150.0,2023-02-28,45000.0,0.004976840689778328,45223.957831040025,0.8577335745594887,0.4362225330505798,0.6403772130351666,0.0005687074094073608,0.05801179861972184,0.0895700342994537,0.14234983045382257,0.9994312925905926,0.6231680551623889,0.18270572667925367,0.5135446191548367,Keep
LGC,0.2369565217391305,0.3068442811208085,0.03948966016552896,0.036634328320745646,0.026745068161759245,-0.2588718644578881,2.2195814068874435,0.6333333333333333,8445200.0,2023-02-28,56900.0,0.00866736751049757,57393.17321134731,0.9292501716955063,1.0,0.7236187574284857,1.85138641432825e-05,0.6323781163427613,0.6968477631780875,0.2767086274588133,0.9999814861358567,0.8128881801350892,0.5995619751516816,0.45315099504408024,Keep
SAV,-0.04304635761589404,0.15599999999999992,0.01632035880395085,0.017030383271952363,0.010709757807278592,-0.3403693931398417,2.3869286808013643,0.9833333333333333,110440000.0,2023-02-28,14450.0,0.005019116215407848,14522.526229312643,0.8585528076614366,0.38978752547725115,0.7511867834007948,0.00028536865492382436,0.18922964558184452,0.1945320600307909,0.4236787803685329,0.9997146313450762,0.6340615383626107,0.3304811521895237,0.4357728470488965,Keep
SJD,-0.032258064516129004,0.0033444816053511683,0.006473271838912474,0.008659266550688752,0.004499754940664086,-0.24861878453038677,0.1692839914879879,1.0,733597425.0,2023-02-28,15000.0,0.0012583807110786438,15018.87571066618,0.7856756768170622,0.41329853737630146,0.38586212072483655,0.0019157708349537494,0.0,0.0,0.2582185364203334,0.9980842291650462,0.534242690140216,0.164363057021588,0.4356248559272632,Keep
DHA,-0.021333333333333315,0.3610740246254265,0.015366032233434258,0.025194880965960557,0.018086567548804618,-0.4000110226239356,3.440744691781618,1.0,1159835008.0,2023-02-28,36700.0,0.00866736751049757,37018.09238763526,0.9292501716955063,0.43710688986148083,0.92478762243019,0.0030309604429952265,0.3737886544254994,0.42561504441862164,0.5312346725142921,0.9969690395570048,0.7126999202586856,0.49101611445878474,0.41809025158341473,Keep
RAL,-0.08247422680412375,0.10559006211180133,0.015069255240897058,0.018981959603620313,0.007979008496479667,-0.30833333333333335,1.5447669430937918,1.0,1635016350.0,2023-02-28,89000.0,0.00570463202893734,89507.71225057542,0.8718370244272705,0.3038620604322891,0.6124529031587458,0.004274204388786847,0.23334515727091074,0.10898970195665038,0.3659059290375201,0.9957257956112131,0.5912101771709718,0.3054167774523152,0.4079601106995827,Keep
BMP,-0.07999999999999996,0.08727272727272717,0.021030483200271736,0.022151434292875583,0.012771676301840474,-0.2070552147239264,1.171801752046476,1.0,3944725450.0,2023-02-28,59800.0,0.00703525310382247,60220.708135608584,0.8976223651051926,0.30925416234264325,0.5510123201538004,0.010317227549226532,0.3049913416569133,0.2591228921090025,0.18326406468698447,0.9896827724507735,0.5924777916686802,0.3292681306294439,0.39491691329101386,Keep
DRC,-0.04094827586206895,0.11657550057710653,0.025398175538059394,0.019629831490195836,0.012331770780302639,-0.4631159396997846,1.6406133260989253,1.0,6889566525.0,2023-02-28,22250.0,0.00866736751049757,22442.84892710857,0.9292501716955063,0.39435989152470646,0.6282421987608752,0.018021982585278085,0.24799034399584524,0.24534258811208542,0.645036151675542,0.9819780174147219,0.6442031881548572,0.4198562364925291,0.39228944625933976,Keep
HMC,-0.009433962264150941,0.1513157894736843,0.012067045692218352,0.02046328252423098,0.020144183507067467,-0.4267123287671233,1.985495850006918,1.0,522691100.0,2023-02-28,10500.0,0.00866736751049757,10591.007358860224,0.9292501716955063,0.4630392827072828,0.6850565713773157,0.0013639646327535592,0.26683055958854884,0.49007109696974027,0.5793869921026344,0.9986360353672464,0.671070108678537,0.4851223765092974,0.37999668277295856,Keep
TMS,-0.020220588235294157,-0.08381463146314627,0.013117001567875085,0.015671700353190935,0.010851482975026612,-0.1941688730103034,-1.3540885725799483,0.9916666666666667,373726292.5,2023-02-28,53300.0,0.004841403104364872,53558.04678546265,0.8551090074709338,0.4395319039947341,0.1349086786428957,0.0009742195424246778,0.15851652859444673,0.19897168581396904,0.1600252298078423,0.9990257804575753,0.5217611870434253,0.2550811762499652,0.36871248129344625,Keep
LBM,0.002336448598130758,0.021428571428571352,0.018720477140858397,0.024617957658599043,0.012743728817370889,-0.1356673960612691,0.41716618515482523,0.9833333333333333,81286750.0,2023-02-28,42900.0,0.0007274551317095757,42931.20782515034,0.7753871753067156,0.4886906315611476,0.4266971017391992,0.00020909335040513485,0.36074726501294724,0.2582474204154587,0.05452545390423386,0.9997909066495949,0.5564572164611893,0.3173462230201871,0.366049482649077,Keep
TYA,-0.0546875,0.025423728813559254,0.01068818008378389,0.014754757231802763,0.011903485387056366,-0.28,0.5653002802133303,1.0,253497525.0,2023-02-28,12100.0,0.000944274477660656,12111.425721179694,0.7795887927366782,0.36441789243333483,0.45110003633410606,0.0006596581863848119,0.13778896886060008,0.2319262915951861,0.3148104614842304,0.9993403418136152,0.5322054029252986,0.296440676132185,0.3543409972459876,Keep
FMC,-0.0513833992094862,0.13207547169811318,0.01523332207605214,0.022111063947022724,0.014709989781987402,-0.41860465116279066,1.6579586426582695,1.0,1957701800.0,2023-02-28,36000.0,0.004992041736841202,36179.71350252628,0.8580281469096307,0.37161854524124965,0.6310995870303242,0.005118464667229227,0.3040787673263764,0.31984172306245684,0.5647658540568211,0.9948815353327708,0.6057490662924341,0.4430597025304511,0.3399132447741634,Keep
VIP,-0.009756097560975618,0.3096774193548386,0.033119388773277594,0.03163505399511405,0.021751013199496783,-0.3090185676392573,2.507589617754504,1.0,1707149895.0,2023-02-28,10150.0,0.004613108932971954,10196.823055669665,0.8506850259969755,0.46233725072439996,0.7710639153430712,0.0044629314813369935,0.5193691904962606,0.5404059996905382,0.36714165964615786,0.995537068518663,0.653051650596487,0.5352401383442584,0.3319075675899319,Keep
FPT,-0.0359281437125748,0.08344549125168244,0.008690178489018456,0.011714447657635527,0.007814131621546384,-0.2319347319347319,1.9023463799781617,1.0,79358977500.0,2023-02-28,80500.0,-0.01816963031888008,79037.34475933015,0.40919142254117,0.4053003049534195,0.6713589072581165,0.2076278203703684,0.06906257041994959,0.10382483507637205,0.22813102578296887,0.7923721796296316,0.44049577987054156,0.19158932457859934,0.32554218512338196,Keep
PAC,0.011272141706924366,0.04946524064171132,0.024578351915918655,0.03199428044959084,0.024481003638302842,-0.25034327616933005,0.650339159273778,0.925,51350400.0,2023-02-28,31400.0,0.00866736751049757,31672.155339829624,0.9292501716955063,0.5081642577468956,0.46510895307212435,0.00013076917685919846,0.52748952819166,0.6259245856448837,0.2613284319468115,0.9998692308231408,0.6382385092318125,0.537717741629563,0.31560786425407467,Keep
TDH,0.05624999999999991,0.07643312101910826,0.030558298742756392,0.028697702988820833,0.01777285457731266,-0.5950819672131147,0.9025624518827826,1.0,306006415.0,2023-02-28,3380.0,0.00866736751049757,3409.295702185482,0.9292501716955063,0.6061848576456254,0.5066590669093114,0.0007970401789478493,0.4529701772727969,0.41578779765021856,0.8830196532147381,0.9992029598210521,0.6711203090741412,0.6039511106263342,0.3087496426983407,Keep
PJT,-0.022222222222222254,0.09725685785536164,0.027808413849873308,0.030826628175657497,0.0216910604362439,-0.31214953271028034,1.0368287469893231,0.925,6759250.0,2023-02-27,8800.0,0.006135670468211174,8853.993900120258,0.8801898704867056,0.43516972732331655,0.5287774834459724,1.4102817359363572e-05,0.5010946715295864,0.5385279434656656,0.37278794638252055,0.9999858971826406,0.6106347805207771,0.5301370943889491,0.2925525238874077,Keep
BMC,-0.07638888888888884,0.11764705882352944,0.022936966395011412,0.027632764024549637,0.016822390621591243,-0.547242206235012,1.2803446346648568,1.0,636652500.0,2023-02-28,13300.0,0.00866736751049757,13415.275987889618,0.9292501716955063,0.31712388515393536,0.568893179143305,0.0016621283190793095,0.42889716174985537,0.38601394484162865,0.7967468901036634,0.9983378716809207,0.6113883972120306,0.5649386997589458,0.27242517735666316,Keep
GMD,-0.07735849056603772,0.05844155844155852,0.025501415690546578,0.020127719505454267,0.01431580261470266,-0.2109777015437393,0.9047787431226987,1.0,28348103600.0,2023-02-28,48900.0,-0.007897536270320415,48513.81047638133,0.60824842645991,0.3150108246022821,0.507024168610912,0.07416517244991457,0.2592451354178169,0.30749357390106885,0.19033775755862997,0.9258348275500854,0.4612858490247039,0.3231517917112226,0.2673947739979703,Keep
VNM,-0.02075226977950717,-0.05933069198375318,0.011802165941793763,0.013667790128246253,0.007154346392245299,-0.10543207511017438,-1.0766976896058387,1.0,126605117076.0,2023-02-28,75500.0,-0.023409012705087662,73732.61954076588,0.3076604440227892,0.438373206228841,0.18060478642798855,0.33124057995950196,0.11321800579629887,0.08315666751016292,0.0,0.668759420040498,0.3172855166490133,0.1314492442858033,0.2384159700775313,Keep
IMP,-0.13043478260869568,-0.05660377358490565,0.014444044112492683,0.01854759271668665,0.012496513872449055,-0.27472527472527475,-0.6862689683403358,0.9916666666666667,192156100.0,2023-02-28,50000.0,-0.0013143820688128471,49934.28089655936,0.735819586292788,0.1993412444163696,0.2449222316809012,0.0004991671306196621,0.22352626514410986,0.25050326416641966,0.30529818310326895,0.9995008328693803,0.42998848798508926,0.3296598011131196,0.2321926073172175,Keep
PVD,0.00952380952380949,0.4825174825174825,0.03054309530302902,0.028419747643490024,0.01608988414703874,-0.4527896995708155,3.897309349821876,1.0,121859600500.0,2023-02-28,21200.0,-0.020368315279483795,20768.191716074944,0.3665843709750547,0.5043541036863239,1.0,0.31882461529234174,0.4466869783596908,0.3630677407027126,0.6264141257652871,0.6811753847076583,0.5229339543895898,0.4899818345487932,0.22894485366031386,Keep
TNA,-0.04088050314465408,-0.0854572713643178,0.009834905987042548,0.016803224954884552,0.010713044168079774,-0.46261682242990654,-1.2751101554429702,1.0,659241500.0,2023-02-28,6100.0,-0.0019527794793248177,6088.088045176119,0.7234484499650581,0.3945075891401528,0.14791922254935935,0.0017212292033296993,0.1840947168428242,0.19463500725165217,0.6441360588425417,0.9982787707966703,0.4539346671995192,0.38368554486078654,0.22372334028304727,Keep
REE,-0.07768905333895604,-0.050978416057781084,0.015570443231573914,0.0179532018017569,0.00982293424803168,-0.2607126058325494,-0.6308767421906747,1.0,29774080629.5,2023-02-28,67800.0,-0.010189658962190151,67109.14112236351,0.5638306988280525,0.3142904265545469,0.2540472941539436,0.07789603717895058,0.21009001931044208,0.16675178076689587,0.2800281642064487,0.9221039628210494,0.39089548365994414,0.28577447832244063,0.21943079666647977,Keep
STB,-0.12361623616236161,0.20558375634517767,0.027824565017662846,0.032397615844770085,0.018403845412138072,-0.3987854251012146,1.781258734804953,1.0,382212232450.0,2023-02-28,23750.0,-0.01906026154756546,23297.31878824532,0.3919323920902722,0.214200956249512,0.6514114813515685,1.0,0.5366069514007419,0.43555396355958376,0.5290244673923303,0.0,0.46020211177331416,0.45073473890621735,0.18976126842958374,Keep
MHC,-0.07444168734491319,-0.10765550239234445,0.02170608322510781,0.02279169134117268,0.018347695838778467,-0.46906474820143884,-1.1415766535782794,1.0,179347500.0,2023-02-28,3730.0,0.00393358338624239,3744.672266030684,0.8375168911669407,0.32136743677483615,0.16991692207252407,0.00046565526263039555,0.31946439446034486,0.43379504453649986,0.6557640511500246,0.9995343447373696,0.4912544101596002,0.5058454986833137,0.18774711094961194,Keep
KDC,-0.1035598705501618,-0.09918699186991875,0.01514599815624595,0.01218026478208653,0.006678996669914215,-0.17910447761194026,-2.173030038352474,1.0,55632305800.0,2023-02-28,55400.0,-0.01954062655568123,54317.44928881526,0.3826236748169589,0.2579099513796501,0.0,0.14555038100657627,0.07959239724005775,0.0682660526897961,0.1328585594683015,0.8544496189934238,0.25121317961320166,0.16699675660737678,0.15101512564877562,Keep
VTB,-0.19594594594594594,-0.004184100418409997,0.04757431977029786,0.033840662479814036,0.03377994541114755,-0.26543209876543206,0.23662495944838316,0.85,3615000.0,2023-02-28,11900.0,0.00866736751049757,12003.141673374921,0.9292501716955063,0.05657225153683221,0.3969555643783467,5.8763374220361916e-06,0.5692271157587203,0.9172195074077836,0.2885391535483341,0.999994123662578,0.5116973406565974,0.6465295434912286,0.12377961456186032,Keep
SAM,-0.08176100628930816,-0.08031496062992127,0.019582525484725003,0.02649826877588907,0.01845780826869772,-0.5517213577360316,-0.6282879739552786,1.0,6420116440.0,2023-02-28,5840.0,-0.0022595087066292763,5826.804469153285,0.7175045206442302,0.3054163875028839,0.2544737560154401,0.016793733652836602,0.4032518218308678,0.4372443823689099,0.8048244550514264,0.9832062663471633,0.45180525573399627,0.5718381927490496,0.10870234008456653,Keep
SMC,-0.04497607655502389,0.0979097909790978,0.03216121655268795,0.03635998326551525,0.02223919755489715,-0.6447236180904523,0.9632698271163028,1.0,2291283800.0,2023-02-28,9980.0,-0.00011547468602657318,9978.847562633455,0.7590525230693898,0.3855820738344243,0.5166597227790284,0.00599123420859952,0.6261765282754833,0.5556986670806597,0.9725418895098464,0.9940087657914005,0.5419002218164971,0.7284077339772187,0.10485558143016588,Exclude
ITA,-0.1697722567287785,0.18991097922848654,0.03049016149918076,0.041344609742719064,0.02305977374004296,-0.602760736196319,1.4359908879296102,1.0,9097152650.0,2023-02-28,4010.0,0.0037192576564848423,4024.914223202504,0.8333635960913162,0.11361277805351261,0.5945336323884676,0.02379781560340158,0.738854338542209,0.5814037076639414,0.8968673105593447,0.9762021843965984,0.524703320792504,0.7548571768684517,0.07178901467143306,Exclude
MCP,0.08934707903780059,-0.2610722610722611,0.050105610652969715,0.04203636056096276,0.026914495190430418,-0.6107692307692307,-1.5730893791157337,0.8083333333333333,7517500.0,2023-01-27,15850.0,-0.0003071371465921402,15845.131876226515,0.7553384064556283,0.6783135819846486,0.09883148550235704,1.608666991958572e-05,0.7544914114114362,0.7021551663500715,0.9113095849570239,0.9999839133300804,0.5292485841686583,0.8025443314712881,0.04772198528588545,Exclude
CII,-0.15635179153094458,-0.047794117647058876,0.031605129886161695,0.0350161627017963,0.022564845336937683,-0.5464135021097046,-0.0950102045446343,1.0,61976865000.0,2023-02-28,12950.0,-0.006636492908000946,12864.057416841388,0.6326854606545224,0.14286010328274049,0.3423235013607373,0.1621500117515825,0.5957993758040331,0.5658997789392985,0.7952524304067486,0.8378499882484175,0.4051031845625259,0.6608978216397301,0.008564491578687883,Keep
HAS,-0.007507507507507505,-0.301858893113646,0.048226119161272084,0.04903472322050067,0.03642252831607364,-0.4735936693617754,-1.545595426113798,0.725,1369000.0,2023-02-27,6610.0,0.005557926371693611,6646.737893316895,0.8689940998540711,0.46723762069157543,0.10336071381132057,0.0,0.9126898608911459,1.0,0.663931369180591,1.0,0.52852889286949,0.8854242936070488,-0.0027256832947392118,Exclude
HBC,-0.22190476190476194,-0.0342789598108747,0.03405928111119448,0.04093413556007736,0.02243990601488643,-0.6599496221662469,0.09390632239471264,1.0,29534580765.0,2023-02-28,8170.0,-0.002466096542775631,8149.851991245523,0.7135011737594619,0.0,0.3734447476138506,0.07726942007461667,0.7295755425717162,0.5619859798284891,1.0,0.9227305799253833,0.4034914197219896,0.7662202918411858,-0.05624075538272183,Exclude
GIL,-0.09352517985611508,-0.2588235294117647,0.03566662689419972,0.04271625285151827,0.025933090846051835,-0.6472721643556911,-1.5147024382640186,1.0,17828163000.0,2023-02-28,18900.0,-0.0014416081830859184,18872.753605339676,0.7333541445817114,0.27977863163604394,0.10844988360468702,0.04664125409489326,0.7698604214801702,0.671412087331299,0.9771378599687959,0.9533587459051067,0.4263081251012079,0.8104951133001588,-0.05998894287888734,Exclude
SCD,-0.10471204188481675,-0.14500000000000002,0.05565052413337971,0.05289713792398255,0.03239615560431416,-0.36341463414634145,-0.3655750562910735,0.75,9325000.0,2023-02-28,17100.0,-0.03928545489907265,16428.218721225858,0.0,0.2553990153392299,0.2977518827995861,2.0815734875209235e-05,1.0,0.8738714627200579,0.46523786380754517,0.9999791842651248,0.12340221196821222,0.8284688231944161,-0.3736790819484374,Exclude
